 <?xml encoding="gb2312" ?>  <gzyov>  <dc:hasVersion>     <star>           </star>  <results>  <svg:feGaussianBlur select="/h:html/h:head/xf:model/xf:itext/xf:translation"  select="descendant::xsl:template|descendant::xsl:variable|descendant::xsl:param"  class="containerMain" />  <dl:ALL>                    </dl:ALL>  <Company>            </Company>     <inPort>            </inPort>     <tp:treatment-meta>                  </tp:treatment-meta>     </results>     <vr/>  <w:spacing select="concat('http://farm',@farm,'.staticflickr.com/',@server,'/',@id,'_',@secret,'_s.jpg')"  select="$package_y"  ref-id="id2905784"  test="@name=('Constr-namespace-24')" />     <list>     &#x03C9;     <tmp/>     <Point>                  </Point>     &#x03DD;     </list>     </dc:hasVersion>  </gzyov> 
