 <?xml version='1.0'  encoding='US-ASCII' ?>     <p>        <foo select="not(((local-name(..)='IsoSurfaceVolumeData') or (local-name(..)='SegmentedVolumeData') or (local-name(..)='VolumeData'))	and
                      ((local-name()='dimensions' and (.='1 1 1' or .='1.0 />     <indexterm>  &#9453;     &#x03AA;     <OR>     <w:dontGrowAutofit/>  <frequency>                </frequency>  <cac:LegalMonetaryTotal>          </cac:LegalMonetaryTotal>     <titulo>                  </titulo>     <FOLLOWINGSIBLING2>            </FOLLOWINGSIBLING2>     </OR>  <xtm:topicMap>  <currentProject>                  </currentProject>     <axsl:namespace-alias test="regex-group(5)"  select="document($bookInfo)/bookInfo/offer/*" />  <result>                  </result>     <StructuredXMLResume>          </StructuredXMLResume>  <saxon:entity-ref name="competenceTechniqueTemplate" />     </xtm:topicMap>  &#103;     &#x2329;  </indexterm>     </p>       
