 <?xml encoding="windows-1250"  encoding="ISO-8859-1" ?>           <tok>  <city name="originalUri"  test="//jss:latexInfo/jss:latexFrequency!=''" />        <C>  <octet>     <rdf:rest>                </rdf:rest>     &lt;     <mkdir select="$marker" />     &#x2135;     </octet>  <physicalDescription>  &#x1F7A;     &pt2346;  &#xED;     &#73;     &#37;  &#x3A1;  </physicalDescription>     <attvalue select="@accuracy" >     <fname>            </fname>     <xqx:functionCallExpr>            </xqx:functionCallExpr>  &#x03C1;  </attvalue>  <childNode2>  &#xC8;     &#x0391;  <ArchiveTransfer>                    </ArchiveTransfer>  &#x1F54;  </childNode2>     <FormatIdentification>     <a:fillToRect test="string($motMin)='tragique'"  style="font-size:18px;"  name="package-achandling"  name="sujet" />           <itemlist>                </itemlist>     </FormatIdentification>     </C>     <attributes>     &#8704;     &hellip;     </attributes>     </tok> 
