 <?xml version="1.1"  encoding='utf-8' ?>                 <source>  <h:h3>     &apos;  <iati:locationDescription>  &#x0227B;     &pt15;  &upsilon;  &#xfeff;     &#xAB;  &#x1FF6;  </iati:locationDescription>  <email match="gls:definition" >  <d:tbody>          </d:tbody>     &#233;     <interfaceOperation>                </interfaceOperation>     </email>     </h:h3>     <author>        <XSL:call-template select="$useConditions" >  &#x1FD2;  &#x0024;     &#x038A;  &#x447;  &#x201c;  </XSL:call-template>     <site:expected_count>  <by-type test="substring($mot,1,1)='Â²' or substring($mot,1,1)='&sup2;'" >                </by-type>     &#97;  </site:expected_count>  <format>     <draw:layer-set>                </draw:layer-set>     <bxsl:value-of test="string($motMin)='dignement'" >            </bxsl:value-of>        </format>     </author>  </source>    
