 <fo:block xmlns:stbl="http://nwalsh.com/xslt/ext/com.nwalsh.saxon.Table" >  <xsl:import match="pers:persoon" >     <d:info>     &#66;  <remarks select="//UML:GraphNode[child::*/*/*/UML:Package[attribute::xmi.idref=$packageID]]/UML:GraphElement.contained/UML:GraphNode[child::UML:GraphElement.semanticModel/UML:SimpleSemanticModelElement[attribute::typ >                  </remarks>     <place>              </place>     <typename>                </typename>     </d:info>  <index name="id2921083" >     &#x03A9;  <mods:subject>      </mods:subject>     <nl select="tei:cell[@role='name'][ancestor-or-self::tei:*[@xml:lang][1][@xml:lang=$localise]]" />  &#xA1;  </index>        <feColorMatrix char="18"  select="$currency"  select="count(key('keySongs',@Artist))"  name="functx:all-whitespace" />     </xsl:import>  <doc/>  <xsl:character-map name="a_stripCaps" >     <xd:short>        <ulink match="skills" />     <vra-p:formerRepository>    </vra-p:formerRepository>     <StringValue>              </StringValue>     </xd:short>     <nnt>  &#x43D;  &#x1FAF;     &#x2007;  &#9496;  &#83;  &#x438;  </nnt>     &#xE0F1;  </xsl:character-map>  </fo:block> 
