             <some>  <vdv:avoid>        <rdf:li>  &#41;  <target>            </target>     <formspec>                  </formspec>  &Mgr;  </rdf:li>  <ManualApproval>  &#x180E;     <r:Description character="&#298;" >              </r:Description>  <sheetPr test="@type[.='symbol'] and @rend[.='footerDots']" />  &sup;  </ManualApproval>     <export_path>  &#xC8;     &#x3BE;     <instantiationID>                  </instantiationID>  <pageSetup select="geographical_classification"  test="$zx880 != ''"  gi="juror" />  <by-file name="contentMeta-inNI_docurlPCL" >              </by-file>  <Tender test="$geocode = 'fn'"  rdf:about="{@rdf:about}"  test="@unit = 'in'" />  </export_path>     </vdv:avoid>  <d>     <style:paragraph-properties select="../@type"  select="seda:Contains/seda:Appraisal"  left="189mm"  select="/book/@xml:lang"  name="roughCut"  mode="data.module.issue.date" />     &#x1FA8;  <foaf:publications>     <id/>  &#x391;     <DD>                </DD>        </foaf:publications>     <date select="substring-after($observation/n1:participant/n1:participantRole/n1:playingEntity/n1:code/n1:originalText/n1:reference/@value,'#')" >  <RelationshipCodeListVersion>        </RelationshipCodeListVersion>     &#xF2;  <sf:text-body>                  </sf:text-body>     </date>     </d>  </some> 
