 <?xml encoding="iso-8859-1" ?>           <document>     <axsl:template class="goalsep"  test="following-sibling::seeie
                    |following-sibling::seealsoie"  name="attributeDelimiter" />        <h:span name='doc:make-table-not-yet-implemented' >  <interleave>  <educationalfield>                    </educationalfield>  &#x2212;  <caldate>                    </caldate>  &#x1FB4;  <w:tblPr>              </w:tblPr>  </interleave>  <CENTER>     &nlArr;  <w:footnote test='./@rend = "fiction"' >              </w:footnote>     &larr;  <Appearance>                  </Appearance>  </CENTER>  <pubsnumber>  <s:expect href="#Required_input" />  &#x03BD;     &#x20a4;  </pubsnumber>     <order>  <xslt:apply-templates match="dml:quote"  match="text|stext" />     <foaf:interest subject_id="13546" />     <sf:cell-text>                </sf:cell-text>     <sioc:id>            </sioc:id>  </order>  <sec test="$maritalStatus/@code='P'" >  &#x1F94;  <mods:dateIssued>                </mods:dateIssued>  </sec>  <second>     <QTY01>                  </QTY01>  &amp;  <itemref test="spref/vertdef/altsys"  select="'d4ed648e-9542-4092-b6e3-727abdd2ea51'" />     </second>     </h:span>        </document> 
