 <?xml standalone="yes"  version='1.1' ?>        <top>     <third>     <questionText>  <xep:page>                  </xep:page>  <attribute select="substring($hstr, 3)"  name="Source"  retrieve-class-name="thumb9" />  <db:address>          </db:address>  <disable-print-link>                    </disable-print-link>     <sequence select="substring(CopyrightYear,1,4)" />     </questionText>     <sources>     &#x03A6;  &#169;  &#x3000;     &#x25E6;     </sources>  <expressions>     <cac:PartyName>                  </cac:PartyName>     <foaf:workInfoHomepage>                  </foaf:workInfoHomepage>     &#x003B;     </expressions>  <xd:mode test="$parameter/@type" />  <svg:defs select="OL" >  &nhArr;  &#x2264;     <xsl:element select="substring-before ($string, &quot;_&quot;)" />     </svg:defs>  <w:r>           </w:r>     </third>  </top>       
