 <?xml encoding="ASCII" ?>  <xsl:stylesheet>  <baz>     &#85;  <var4>     <contrib select="$nav.text.current.open" >                  </contrib>  <xsl:attribute select="not(true())"  colstart="{$colnum}"  select="$termInfoPointer" />     <digform>        </digform>  <rdf:subject test="$nr = 0" />     <ISA02>                  </ISA02>     </var4>     </baz>     <sum/>     <d>     <thesame>        &#xB7;     </thesame>  <Borders/>        <spdoinfo>     <xhtml:p select="//rng:define" >                </xhtml:p>     <patternFill select=".//INSTANCE[@class='Goal']" />  <md5_hash>          </md5_hash>     <listitem>                </listitem>     </spdoinfo>     </d>     </xsl:stylesheet>    
