          <employees>     <content>  &#x1F22;  <xsl:text test="$mode = 'fit'" />  <atom:author>  &#x3B1;     &#8834;     <iati-activities>                    </iati-activities>  &#8713;     &#x03C3;  </atom:author>  &#37;  </content>     <a:md>     &#x1F55;  &#70;     <dcterms:format>  <phystech test="$pageOrientation = 'Landscape' and $pageSize = 'Legal'" >                    </phystech>     <cc:license>          </cc:license>     <comment/>     <w:saveInvalidXML/>     <endpoint>                    </endpoint>  </dcterms:format>     </a:md>     </employees> 
