 <bb:root xmlns:libxslt="http://xmlsoft.org/XSLT/namespace" >     <CONTENT>     <thead>  </thead>  <ComplexSubject rgb="167 163 117" >           <events>      </events>        </ComplexSubject>  <mods:placeTerm>     <child select="resolve-QName( @name, . )" />     <pc name="callout-incremented" >              </pc>     &phi;     <E53_Place_Name>          </E53_Place_Name>     </mods:placeTerm>     </CONTENT>        <navigation>  <anesthesia>  <xsl:param for="author" >                  </xsl:param>  &#xD2;  <S match="tei:dictScrap" >              </S>  <AMT02>            </AMT02>  &#x3B5;  <fo:region-before value="${/meta/transform}" >                </fo:region-before>  </anesthesia>     &#x2193;     </navigation>     </bb:root>                         
