          <ch>     <elem column-width="25mm" >  <othercredit>     <titleStmt>                </titleStmt>     <o:processed test="$associationEndMultiplicityIsVisible = 'true'" >            </o:processed>     &#x2329;     <h:em>                </h:em>     </othercredit>     <d:errortext>     <sect4 select="$customCSS" >                </sect4>     &xlarr;     <letter>                  </letter>     </d:errortext>     <xtm:subjectIdentity>        <office:master-styles>                    </office:master-styles>     <img cellspacing="20"  test="not(../c:personalMbox[@rdf:resource = $rsrc])                 and not(../c:workMbox[@rdf:resource = $rsrc])                 and not(../c:mobileMbox[@rdf:resource = $rsrc])                 and not(../ />     </xtm:subjectIdentity>        </elem>           <ELEMENT2>     <oneOrMore name="maybe-print-statement" >        <city>            </city>  <SEGMENT>              </SEGMENT>  <keyword>            </keyword>     </oneOrMore>     <TOPARRAY>     &pt23456;     &#x2111;  <xsl:number key="setindex" />  &#x43B;     &#xFD;     </TOPARRAY>        </ELEMENT2>     </ch> 
