 <?xml version="1.0"  encoding="windows-1251" ?>              <aranow>        <my:char2value>     <contrib>     &ndash;  &#8836;     &#955;  &#x003B;     </contrib>     <short>     <definition>        </definition>     <w:pitch match="om:OMA[*[1][self::om:OMS[@cd='relation1' and @name='leq']]]" />  &pt136;     </short>     &#x201e;  <office:document-settings select="concat(@author, ' (', @movie, '~', @year, ')')" >     &#xF5;     &#1047;     &#x334;     &#66;  </office:document-settings>     </my:char2value>     <xsl:output background-color="#dddddd"  select="/form/input"  x2="150"  name="t3"  xsl:use-attribute-sets="emphasis" />        </aranow> 
