    <document>     <styles>     &#xD6;     &chi;     &#8801;     </styles>     <xsl:template rgb="255 224 0" >     &Ngr;  <o:rtcPointer>     <w:marLeft test="$generate.component.toc != 0" />  &#x3D2;     &#x2592;  <referenced-file name="B641" />  <rect test="self::xhtml:ul or self::xhtml:ol or self::xhtml:dl"  xsl:use-attribute-sets="Cell_45"  test="count($iteration/Iteration_hits/Hit[Hit_id = $hitid]) &gt; 0"  select="'PO Kerndoel 30: Standaardprocedures'"  select="local:subfieldSelect(.,'3noabcdefh')" />     </o:rtcPointer>  &#x1F7B;     </xsl:template>  </document>    
