 <?xml encoding="ASCII"  standalone="no" ?>                 <report xmlns:b64="https://github.com/ilyakharlamov/xslt_base64" >  <x:template text="bagian" >     <xs:choice>     <rightsSummary>            </rightsSummary>        <modsrdf:RoleRelationship>                </modsrdf:RoleRelationship>        </xs:choice>  &#x161;  <FileInfo>     <word>                  </word>  <fo:page-sequence>                </fo:page-sequence>  </FileInfo>     <subjectIndicatorRef select="$cto" />     </x:template>  <gentext name="annotate.toc" >  <TOP>     <d:mediaobject>                  </d:mediaobject>     &#x1F00;     <Document string="&amp;Ouml;" >          </Document>     &rsqb;     </TOP>           <sub-element-in-main/>     </gentext>  </report> 
