 <H1>        <olist>  <comparison>     <jabberID>                </jabberID>  &#xD7;        <people>    </people>     </comparison>     <l:gentext href="ordbok_sideoppsett.xsl"  w:val="%3)" />     <xsl:copy>  <revisionDesc>                </revisionDesc>  <refsynopsisdiv select="concat($prefix, local-name(), $suffix)" >            </refsynopsisdiv>     </xsl:copy>     </olist>     <index test="section" >     &#x1F4B;     <spritser:locNoteRule>  &#x39D;  &#xB2;     <Time>            </Time>     &#x1FBD;  &#xa;  </spritser:locNoteRule>     </index>        </H1>          
