                         <ch>        <attributes>     <fo:title>        &#x2122;  <fo:table-row>                </fo:table-row>     &#x1F85;     </fo:title>     <svc>     &#79;  &#8212;  <xd:b>              </xd:b>  &#x0022;  &#x1F33;     </svc>        <vra-p:area>  <date:month>                </date:month>     <price>                </price>     <o:subEnt>            </o:subEnt>        </vra-p:area>     </attributes>     <my:char2bar>  &pt12346;     &#x3E;  <w:tblPr>        <atom:content bgcolor="#00FFFF" >          </atom:content>  <rng:attribute xml:id="utility" >                </rng:attribute>     <cell select=".//ixm:folio"  name="logoFramePicture"  select="'vmbo_bl1'" />     </w:tblPr>     <w>     <feed select="//UML:GraphNode[child::UML:GraphElement.semanticModel/*/*/UML:ActionState[attribute::xmi.idref=$ID]]/*/UML:GraphNode[child::UML:GraphElement.semanticModel/*[attribute::typeInfo='StereotypeCompartment >      </feed>  <InternetEmailAddress>            </InternetEmailAddress>     <ArchivalAgencyDocumentIdentifier>            </ArchivalAgencyDocumentIdentifier>  <olp>                </olp>     <section>            </section>     </w>  &#82;     &ldots;  </my:char2bar>     <li>     &#123;  </li>     </ch> 
