    <rootelement>     <state>     <teiHeader>  <exemplum>              </exemplum>     <axsl:import-schema mode="getter.value"  name="ref-journal-name" />  &#xA4;  <mets:sourceMD count="d:footnote[not(@label)][not(ancestor::d:tgroup)]
                  |d:ulink[node()][@url != .][not(ancestor::d:footnote)]
                  |*[node()][@xlink:href][not(@xlink:href = .)][not(starts-wi >              </mets:sourceMD>  </teiHeader>  <citycode>     &#x25CF;  &apos;  &Tgr;  <xtext:insertfile character="&#369;" />     </citycode>  <ns2:federalIncomeTaxWithheld>     <page select="$nextPath" >            </page>     <vpfinfo>        </vpfinfo>     <h2/>  &#1084;  &#x1F87;     </ns2:federalIncomeTaxWithheld>     <recordIdentifier>  &#x2019;     &#xa0;  &#x2777;  &harr;  </recordIdentifier>  <x:template string="&amp;Pgr;" >     <xsl:attribute test="vc:relationSet/vc:relation/@type = 'componentIs'"  string="&amp;Jukcy;" />           <a:gsLst>            </a:gsLst>     </x:template>  <orderedlist>     <FakeBeatles>            </FakeBeatles>     <CallForTenders test="not(color[@name='toolbox'])"  select="$path/RateAndAmtDtls/AplblRate/NotSpcfdRate"  test="$localItemType = 'planningItem' " />     <x:exsl-date>            </x:exsl-date>     &#x394;  </orderedlist>     </state>           <d test="count($user) = 0" />     </rootelement>          
