 <?xml encoding='UTF-8'  encoding='ISO-8859-1'  version='1.0' ?>                    <report>     <vbox test="node() = '7da3a86c-29b8-4c65-8a6c-894b2e65c5fc' and not(key('classification-by-oldIdvdex_classification_kerndoelen_onderbouw_vo_20071115','48'))" >  <addresses>  <shortDescription>            </shortDescription>  &pt125;     &#xC9;  <xdr:col>                </xdr:col>  &#x1F35;     &#85;  </addresses>  <mml:mfrac>  &Verbar;     &#x1F39;     <content/>  <bounding>          </bounding>  <svg:feMergeNode name="d4p:isShowEnumerators" />  <structured-skill select="../SubjectSchemeVersion" >                    </structured-skill>  </mml:mfrac>  <axsl:import-schema use-attribute-sets="list_item"  name="preferred.mediaobject.role" />  <a:sysClr test="topic/title = 'Lecture'"  alt="Powered By Fate" />  <secsys>     &#120;  <productid>              </productid>     &#xFA;     </secsys>  <libxslt:testplugin/>  </vbox>        <file match="m:apply[*[1][self::m:implies]]
                                |m:reln[*[1][self::m:implies]]
                                |m:apply[*[1][self::m:csymbol='implies']]" />        </report>    
