 <?xml encoding="iso-8859-1"  standalone="no" ?>                    <dynmap>  <func:function joinstyle="miter" >  <m:mtd select="objheading" >  <axsl:attribute class="col two" >        </axsl:attribute>     &#x21D0;  <axsl:template class="inline-citation" />  </m:mtd>  <titleproper>     &#235;  <LAST_NAME>            </LAST_NAME>     <OrganizationDescriptiveMetadata>                  </OrganizationDescriptiveMetadata>  &#125;     </titleproper>  <DOB>  &#x03CE;     &#x20ac;  &#x038A;  &#x03C6;     &#37;  &pt145;  </DOB>  <db:authorgroup>     &perp;  <ed:v>                </ed:v>  &pt45;  </db:authorgroup>  <mrcb-subject-access>  <xsl:layout-master-set>                  </xsl:layout-master-set>     <TransportationStatus name="p100"  select="$config/page"  name="clÃ©_calculÃ©e" />  <d:appendix>            </d:appendix>     <ForecastRevision select='$nodes[@sf:row = $row]'  href="{$outdir}/{$appname}/chrome/content/{$appname}.js"  test="generate-id() = generate-id(//d:refentryinfo/d:copyright[1])
      and ($stylesheet.result.type = 'html' or $stylesheet.result.type = 'xhtml')" />  </mrcb-subject-access>  <xslo:attribute test="local-name(preceding::*[1])='mot'"  character="&#8461;" />  <mrcafile>  <mets:name>                  </mets:name>  <cbc:ID>              </cbc:ID>     <fail match="ixm:datafield[@tag='245'][../@type='Bibliographic']" />     <ref>                  </ref>     <P7_took_place_at href="{$path}interfaces{$OUTPUT_EXTENSION}" />     </mrcafile>  <script select="*[preceding-sibling::m:mprescripts and position() mod 2 = 0]" />  </func:function>     <TABLE>     <line1>  <NAME>                  </NAME>  <adres>                </adres>     &#x1F19;  <mml:msub>            </mml:msub>  &pt236;  <BusinessNameLine1>                </BusinessNameLine1>  &#x2216;  <w:docSuppData>              </w:docSuppData>  </line1>  &#x039B;  &xlarr;  &#xB3;  &#x251c;     <child mode="on" />     </TABLE>     <xsl:variable match="/PERIODIC_TABLE" />     <xsl:decimal-format for="methodsFilter_SKIP"  font-family="{$title.font.family}" />  </dynmap> 
