 <?xml encoding='utf-8' ?>                 <form>     <lang:lang select="$notes-not-in-boilerplate" >  &#x2264;  <w:br test="@minOccurs and @minOccurs='0'" />     <Cell select='story' >     <B href="programme.pdf" />  &mldr;  <vra-p:hasComponent>                  </vra-p:hasComponent>     &#x2776;  <xsl:with-param test="starts-with($p, 'apertium-pretransfer')" />     </Cell>  &acute;  </lang:lang>     <date>     <dl:RPRIM>     <dc:description>              </dc:description>  <content:format title="Getting Started Writing GNOME Documentation" />     <D:multistatus>                </D:multistatus>     <noscript>                  </noscript>  <iati:recipientRegion>            </iati:recipientRegion>     </dl:RPRIM>     <depart>     &pt1234;     &#x2212;     <xq:option title="Chapter 1. XRef Tests" >                  </xq:option>     <ComplexSubject test="string($motMin)='sentimental'" >            </ComplexSubject>     </depart>     &#x20ac;     &#x000F7;     </date>     </form> 
