 <collection>     <RUNDATE>     &epsi;  &#x00a0;  <fo:table-column select="ieso:GeneratorName" >     <dbk:inlinemediaobject>                </dbk:inlinemediaobject>     &#x03C1;     &#x222A;     <db:legalnotice>                  </db:legalnotice>     </fo:table-column>  &#xFD;  &#x3B7;     </RUNDATE>     <extra>     &#8681;  &#x03BB;  &#8242;  <xqx:pragma>  <xqx:argExpr>                </xqx:argExpr>     <olink select="for $i in $id return tokenize($i,'\s')" >              </olink>  <vra-p:versionOf>            </vra-p:versionOf>  <mods:issuance>              </mods:issuance>     <BillOfLading character="&#8783;"  test="position() = $allCount"  select="replace(@encoding,'`','\\`')" />  </xqx:pragma>     </extra>     <doc:template test="notification_data/metadata/pages != ''" >     &#x1FFC;  <o:LastAuthor>  <copy-of select="$green" />     <doc:params>            </doc:params>     <es:includes>        </es:includes>     </o:LastAuthor>  </doc:template>     </collection> 
