 <?xml version='1.1'  encoding="gb2312" ?>           <tst>        <mediaobjectco>     <headings>     <w:tblGrid>              </w:tblGrid>  &nexist;     </headings>     &#xb6;  <d class="xsl-elm" >     &#65;  <xqx:defaultNamespaceDecl>                  </xqx:defaultNamespaceDecl>  &#x3B9;  <unique-column>                  </unique-column>  </d>  <style select="child::*[local-name() = 'datetime']" >     <sha1_hash>                    </sha1_hash>  </style>  &#x265D;  </mediaobjectco>        </tst>       
