 <?xml encoding='US-ASCII'  encoding="windows-1252"  version="1.1" ?>           <factory>     <date name="327 C" />        <xs:function>     <inhoud>  &Theta;  &#36;  &#x039D;  &#x002A;  &#x03A8;  &#x1F95;  &rdquo;  &#x1F5D;  &#9315;  </inhoud>  <config:config-item-map-entry>  &#51;     &#x2207;     &sup2;     &#160;  &#x3D1;  </config:config-item-map-entry>     <oo:contact>  <xsl:copy name="acronym" />  &#x392;  &#xDE;  &#x1F64;  &#x03C2;  &#x1F2F;     </oo:contact>  <v:fill name="2758 C" />     </xs:function>     </factory>       
