             <source>     <xsl:namespace-alias href="fragments/imp17all.xsl"  match="sect" />        <lookups:place value="100" >  <ds:label>     <enttypl>            </enttypl>     <arrangement>              </arrangement>  &#x0301;  <person>                    </person>     </ds:label>     <dwc:kingdom>     <math>        </math>           <ptvctinf>            </ptvctinf>     </dwc:kingdom>  <srcinfo>     <wordasword>          </wordasword>     <x:xmpmeta>              </x:xmpmeta>     &#125;     </srcinfo>     <xd:p/>  </lookups:place>     <x:functions-saxon>  <arczone>     &#x178;  <manifest:manifest match="cac:InvoicePeriod" >              </manifest:manifest>  </arczone>     <titre>     &#x3A7;  &#x1F30;  &prime;  &#x25AB;     <ERRORCODE>            </ERRORCODE>     </titre>     <svg:image property="team"  select="./articulo/cantidad_art"  test="
         local-name()='Inline'        or $nodeType='Inline'        or $EPnodeType='Inline'        or @nodeType='Inline'        or
         local-name()='LOD'           or $nodeType='LOD'           o />     <etd:level>     <ROOT1>                </ROOT1>        <datetime_functies>                    </datetime_functies>  </etd:level>  </x:functions-saxon>     </source>    
