 <?xml version="1.1" ?>        <namelist>     <CCC/>     <refnamediv>     <requirements>     <rdf:RDF>                  </rdf:RDF>     <subitem test="$geocode = 'a-si'" />  &#x1FA2;     </requirements>     <wrap-2>     &piv;  <REC>                </REC>  &#8834;     <fi:area name="funcprototype.string.value" >                </fi:area>  &ring;     </wrap-2>  <svg>     <ManualApproval>        </ManualApproval>     <ciphertext>              </ciphertext>     &delta;  &#x02BC;  <iati:receiverOrgReceiverActivityId href="{$Name}.xml" />     </svg>     </refnamediv>     <Title>  &#102;  &#100;     <w:hyphenationZone test="self::descgrp" />     </Title>        </namelist>       
