          <document exclude-result-prefixes="#default fgen" >  <foo:elt>     &#x7B2C;  <spref>  <listitem select="@dur2" >          </listitem>     <xsl:choose>          </xsl:choose>     <xqx:rootExpr/>  </spref>  &#8242;     <v:homeAdr name="5555 C" >        <targetAudience match="d:informalequation" >              </targetAudience>        <H4>                  </H4>  </v:homeAdr>  </foo:elt>  <f>     <admin:generatorAgent>     &#x2192;  &#x1F62;  &#x202F;  <fo:table-column-group>              </fo:table-column-group>     <errorname>            </errorname>     </admin:generatorAgent>     &#103;     <foaf:made>     <mods:subject>        </mods:subject>  <mn>          </mn>     <violation>          </violation>     </foaf:made>     </f>  <two>  <recordChangeDate test="descendant::*[local-name() = 'id'] = 'milieu' and key('classification-by-newIdvdex_classification_vakaanduidingen_po_2009','c001f86a-4f8f-4420-bd78-381c615ecedc') != ''" >     &#x1FEF;     &#1043;     &#x1FCE;     &#x1F88;     </recordChangeDate>  <typename>  &#x1F93;  <null/>     &le;  <xs:appinfo>              </xs:appinfo>  </typename>  <fo:bookmark-title select="'Speciaal onderwijs'" >  <XSL:variable test="self::xhtml:pre" >                  </XSL:variable>  <publish>                </publish>     <dbk:row>                </dbk:row>     <exsl:result name="get.id" />     </fo:bookmark-title>  <borders space-before=".5em" >     &#235;  &#x00A9;     <vra-p:placeOfPerformance>                </vra-p:placeOfPerformance>     &#172;  &#x0306;     </borders>  <Shape>  <IMPLIESR>              </IMPLIESR>  <xsl:with-param name="get.doc.title"  select="./processing-instruction('a-pi')"  display-name="gls-ru-O"  test="$stat[@status='RFC']" />  <w:spacing mode="mode-473"  name="man.endnotes.are.numbered" />     &#x3B2;     </Shape>  <OMA>        </OMA>     </two>  <CCC/>  <third>     <report:error>  <homeID>          </homeID>  <userestrict>                </userestrict>     <gvnsp>                  </gvnsp>     <ctx:route>                </ctx:route>     <d:glossterm>              </d:glossterm>     </report:error>  <rss test="p:validity = 'invalid'" >  <frequency>        </frequency>  <spritser:locNotePointer>                </spritser:locNotePointer>     <meta class="class-88" >                </meta>     <w:docSuppData>        </w:docSuppData>     </rss>  <wot:signed>     <w:hlink>            </w:hlink>  <BGN04>                </BGN04>     <w:lsdException test="IndirizzoResa/NumeroCivico"  name="1225 U" />  <calendar.month0>              </calendar.month0>  </wot:signed>        </third>  </document> 
