    <list>     <doc:template match="titleStmt/respStmt" >  &#x2657;     &pt235;  &#x2592;     &#x1F6C;     </doc:template>     <Body href="function.xsl" >  <w:left name="numprice"  select="shop/category" />  <zone select="'VMBO kaderberoepsgerichte leerweg, 1'"  test="not(ancestor::footnote)"  name="risearch"  id="book"  test="$paper.type = 'A5'" />  <Application>     <procdate>              </procdate>     <instantiationAlternativeModes>                </instantiationAlternativeModes>  <Font test="@vocab = 'LCNAF'"  name="points" />  </Application>  <abc:input link-back="true" />  <meta name="unique" />  <iati:recipientRegion>     <Mitarbeiter>                </Mitarbeiter>  <targetAudience key="SetIndex" >              </targetAudience>  <h3 name="247 U" >                  </h3>  <x:output select="x:align($psp/b[$c],$pws[$c],'left',0)" />     <extraterrestrialArea>              </extraterrestrialArea>     </iati:recipientRegion>  <iati:budgetCurrency>  &#8658;  &#09;  &#27880;  &#x3A1;     &#x3E;  </iati:budgetCurrency>  <dc.identifier.citation>  &#9327;     &#x1FC7;     &#x03C8;     &#x2203;  </dc.identifier.citation>  <DataObjectReference>  <if select="6 - string-length($binary)" >            </if>     &#xF4;  </DataObjectReference>  </Body>        <div id="id2892884" />     </list>    
