    <text>        <barg>     &#8212;  &#x1FFC;  <w:endnote test="$country='Not Available'" >  <geekcode>              </geekcode>  <d:sidebar>                  </d:sidebar>  <inlinemediaobject>        </inlinemediaobject>  <fermant>            </fermant>  <subitem-3>            </subitem-3>  <top/>  <dwc:locationRemarks>                </dwc:locationRemarks>  </w:endnote>     </barg>     <appendix select="$hubeadid" >     <tei:elementSpec test="local-name(.)='solidFill'" >        <GBFeature>          </GBFeature>     <xsl:element match="foo/bar[last()=2]" >                </xsl:element>  <soort>              </soort>     </tei:elementSpec>  &Cconint;  <rx:meta-info>     <iati:defaultCurrency name="prec-called-fixes" />     &#x1F77;  &#x200b;     </rx:meta-info>     <x:param match="om:OMS[@cd='calculus1' and @name='nthdiff']" />     </appendix>        </text>    
