 <?xml version='1.0'  encoding='UTF-8' ?>     <dates>        <d/>     <factory>  <FormattedName>  <First>              </First>  <w:lists>                </w:lists>     <bold>            </bold>  <xsl:param test="$langcode = 'hi'" />     <FormattedNumber>                </FormattedNumber>     </FormattedName>     &epsi;  <tei:attDef select="($identifier,$lang,$date)" >     &#9329;     <Signature>                  </Signature>  <postoperative.diagnosis>                    </postoperative.diagnosis>  </tei:attDef>  </factory>        </dates> 
