    <root>     <with-child>     <cntemail>        <foaf:homepage test="*[local-name(.) = 'MeasurementDimension' and normalize-space(.)]" />     </cntemail>     <seeie select="preceding::THREE" >     <false>                  </false>     <inlineequation>          </inlineequation>     &#9312;     </seeie>  <metadata>     <xsm:delete>                  </xsm:delete>     <TD>          </TD>  <componentList select="not(saxon:nodeSet($result)//xsltu:no-match)" >        </componentList>  <cn>                    </cn>  <obfuscate-mail-links>                    </obfuscate-mail-links>  <binding>                </binding>     </metadata>     </with-child>        </root> 
