             <report extension-element-prefixes="date math" >     <ATOM>     <s:img test="$level &gt; 0"  name="666 U"  select="d:bookinfo/d:legalnotice"  name="secttest4"  select="substring-before($date, 'Y')"  href="#{$anchor-prefix}.note.{$num}" />  <predicate>     <xslo:call-template select="$coords" >                    </xslo:call-template>  <w:docPr>                  </w:docPr>     <lg>        </lg>  <fo:region-body char="LF"  match="html:colgroup"  character="&#267;"  rgb="135 24 157"  class="b-folders__folder__text" />     <svc>            </svc>     </predicate>  <mml:mn>           <GBInterval_point>      </GBInterval_point>     </mml:mn>  <filepath>  &#x2044;     &acute;     &#x1F65;  &#9453;  &#x03C2;     </filepath>  <fo:table-column/>  <primaryie>     <ComplexSubject href="{$out-name}7-15.rng" >                    </ComplexSubject>        &#9324;  </primaryie>  <Other>     <ZIPCode>          </ZIPCode>     &pt456;  <v:title>              </v:title>     </Other>     </ATOM>  <block>  &#x2329;     &#x1F87;  &#8719;  &pt35;     &Zgr;  </block>  <department>  <form name="generateSubTitle" >  &#x1F9D;  &midast;  &#x03B7;  </form>  <subkingdom>  <feeds name="displayEmergencyContactBlock"  rend="eg" />  <preservationLevel>                    </preservationLevel>     <w:docSuppData>                </w:docSuppData>  <temporal>                  </temporal>  </subkingdom>     <instantiationTracks>     <credit>            </credit>     <placekt>                    </placekt>     &#x250c;     <downloadurl>                  </downloadurl>     </instantiationTracks>     </department>  <test/>     </report>    
