          <MEMBER exclude-result-prefixes="l d" >  <article>     <GBInterval_point>           <controlaccess>              </controlaccess>  <dl:ATMOST select="$author_name" >                </dl:ATMOST>  <accinstr>            </accinstr>     </GBInterval_point>  <script>  <list-end fileref="emc2.gif"  select="34!=$x" />     <xqx:attributeValueExpr>          </xqx:attributeValueExpr>     <svg:path cdata-section-elements="p" />     </script>        <address>     <vra-p:hasCartoon>                  </vra-p:hasCartoon>     <eref align="justified" >                  </eref>     &#9318;  <fcs:countTerms select="Hsp_query-to" >                  </fcs:countTerms>     </address>     </article>     <exsl:function select="$x_array/c:PC-Conformer_x_E" >        &#x20AC;  </exsl:function>     </MEMBER>       
