 <?xml encoding='US-ASCII'  encoding="utf8" ?>        <cp>     <extra/>     <BAR select="normalize-space($attrStr)" >     &#x03A4;  <bxsl:for-each>     &#34;  &#x1FB6;  <axsl:call-template alt="Record Editors" >              </axsl:call-template>  &#x2019;  &#x00332;     </bxsl:for-each>     &#x03B6;     <rng:anyName/>     </BAR>     <E select="'PO groep 1'" >  <fo:block-container select="plugin_method_2_content[@content_id = $content/@content_id]"  w:val="000000" />  <style:paragraph-properties name="show_result_page_help_link"  string="\(*z"  select="homeState"  select="d:glossterm" />  <browsed>        &phi;  &#113;  &#xC2;  &#xa7;  &#xA6;     </browsed>  <ie5:for-each color="#ffcc33" >        &nsub;  </ie5:for-each>  </E>     <xsl:decimal-format name="scenarios"  test="@object_id='189'"  value="9px"  text="&#1047;&#1072;&#1084;&#1077;&#1095;&#1072;&#1085;&#1080;&#1077;" />     </cp>    
