                   <initial>     <SCNDESCR>           &#x2111;     </SCNDESCR>        <D>  <revremark>     <imageobjectco>          </imageobjectco>     &olarr;     &#177;  </revremark>     <sru:extraResponseData>     <one>              </one>  <open-bracket select="$hours" />     <w:fonts>                  </w:fonts>     </sru:extraResponseData>  <mi test="$xml2rfc-ext-strip-vbare='true'" >  <UnawardedNotification select="concat($parentPath, $childFile)"  test=".='Analytical chemistry'"  css-uri="html-dialog-css.css" />  &#x000D;  <process_logs>          </process_logs>  &#x1F43;  <dagen_verschil>                    </dagen_verschil>     &#x39B;  <Content>              </Content>  </mi>     </D>     <xslo:variable select='$attributes.node'  test="empty($jpackageDoc)"  name="targetptr-key" />     </initial>    
