       <patterns>        <CCC/>     <dedication>  <axsl:choose>  <mrca-subdiv-head-link-entries>              </mrca-subdiv-head-link-entries>  &excl;     &#x1FA4;  <every>                  </every>     </axsl:choose>  <organization>     <Real>                  </Real>     <WindowTopY>                  </WindowTopY>  <ContactInfo>                </ContactInfo>  <glossdiv>              </glossdiv>     </organization>     <xsd:attributeGroup name="nclass-path" />  &rpar;     </dedication>     <three/>     </patterns>    
